Description,Assay_ID,Authors,Data_Repository,Status_Milestone_NanoBRET_tracer,Data_Format,Provider_institution,Repository,Gene,Endpoint,Link_Milestone_NanoBRET_assay,Endpoint_detection,Dataset_ID,Release_Date,Data_Link,PI,Status_Milestone_NanoBRET_assay,Link_Milestone_NanoBRET_tracer,id,pharosReady,name
NanoBRET Assay Tracer Titration,BAO_0010069,Julie Pickett,Synapse,Complete,PDF,UNC-CH,Synapse,BRSK2,fold change,https://www.synapse.org/#!Synapse:syn18435656,fluorescence intensity,syn18435656,null,https://www.synapse.org/#!Synapse:syn18435656,Tim Willson,Complete,https://www.synapse.org/#!Synapse:syn18435656,https://repo.metadatacenter.org/template-instances/ff0d4116-865d-4718-a886-65256590bcf5,true,NanoLuc®-BRSK2
NanoBRET Assay Tracer Titration,BAO_0010069,Julie Pickett,Synapse,Complete,PDF,UNC-CH,Synapse,CSNK2A2,fold change,https://www.synapse.org/#!Synapse:syn18435653,fluorescence intensity,syn18435653,null,https://www.synapse.org/#!Synapse:syn18435653,Tim Willson,Complete,https://www.synapse.org/#!Synapse:syn18435653,https://repo.metadatacenter.org/template-instances/d6d414ab-2543-4d2b-a61b-2697f8efeac4,true,CSNK2A2-NanoLuc®
NanoBRET Assay Tracer Titration,BAO_0010069,Julie Pickett,Synapse,Complete,PDF,UNC-CH,Synapse,CLK4,fold change,https://www.synapse.org/#!Synapse:syn18435654,fluorescence intensity,syn18435654,null,https://www.synapse.org/#!Synapse:syn18435654,Tim Willson,Complete,https://www.synapse.org/#!Synapse:syn18435654,https://repo.metadatacenter.org/template-instances/1d37787c-0e6a-4bf6-b66c-b36983589c6c,true,CLK4-NanoLuc®
NanoBRET Assay Tracer Titration,BAO_0010069,Julie Pickett,Synapse,Complete,PDF,UNC-CH,Synapse,DYRK1B,fold change,https://www.synapse.org/#!Synapse:syn18435652,fluorescence intensity,syn18435652,null,https://www.synapse.org/#!Synapse:syn18435652,Tim Willson,Complete,https://www.synapse.org/#!Synapse:syn18435652,https://repo.metadatacenter.org/template-instances/a34f85c2-d06a-49f2-b9d3-94353dfe674a,true,NanoLuc®-DYRK1B
NanoBRET Assay Tracer Titration,BAO_0010069,Julie Pickett,Synapse,Complete,PDF,UNC-CH,Synapse,CSNK1G2,fold change,https://www.synapse.org/#!Synapse:syn18435639,fluorescence intensity,syn18435639,null,https://www.synapse.org/#!Synapse:syn18435639,Tim Willson,Complete,https://www.synapse.org/#!Synapse:syn18435639,https://repo.metadatacenter.org/template-instances/1609dc2d-c532-425b-a757-e563dec49f2c,true,NanoLuc®-CSNK1G2
NanoBRET Assay Tracer Titration,BAO_0010069,Julie Pickett,Synapse,Complete,PDF,UNC-CH,Synapse,LTK,fold change,https://www.synapse.org/#!Synapse:syn18435650,fluorescence intensity,syn18435650,null,https://www.synapse.org/#!Synapse:syn18435650,Tim Willson,Complete,https://www.synapse.org/#!Synapse:syn18435650,https://repo.metadatacenter.org/template-instances/421a9c56-dcb1-44c3-95aa-58b9be2941f4,true,LTK-NanoLuc®
NanoBRET Assay Tracer Titration,BAO_0010069,Julie Pickett,Synapse,Complete,PDF,UNC-CH,Synapse,MAP3K10,fold change,https://www.synapse.org/#!Synapse:syn20715315,fluorescence intensity,syn20715315,null,https://www.synapse.org/#!Synapse:syn20715315,Tim Willson,Complete,https://www.synapse.org/#!Synapse:syn20715315,https://repo.metadatacenter.org/template-instances/c6a5caaf-c7cf-4ffb-9f92-ce93d6bc6dd7,true,NanoLuc®-MAP3K10
NanoBRET Assay Tracer Titration,BAO_0010069,Julie Pickett,Synapse,Complete,PDF,UNC-CH,Synapse,MAPK4,fold change,https://www.synapse.org/#!Synapse:syn20689583,fluorescence intensity,syn20689583,null,https://www.synapse.org/#!Synapse:syn20689583,Tim Willson,Complete,https://www.synapse.org/#!Synapse:syn20689583,https://repo.metadatacenter.org/template-instances/ae9a77f6-7eab-4570-82e8-5d7973bf1131,true,NanoLuc®-MAPK4
NanoBRET Assay Tracer Titration,BAO_0010069,Julie Pickett,Synapse,Complete,PDF,UNC-CH,Synapse,NEK3,fold change,https://www.synapse.org/#!Synapse:syn18435643,fluorescence intensity,syn18435643,null,https://www.synapse.org/#!Synapse:syn18435643,Tim Willson,Complete,https://www.synapse.org/#!Synapse:syn18435643,https://repo.metadatacenter.org/template-instances/6b589381-2163-4c16-9390-2235fc8fd71f,true,NanoLuc®-NEK3
NanoBRET Assay Tracer Titration,BAO_0010069,Julie Pickett,Synapse,Complete,PDF,UNC-CH,Synapse,MARK4,fold change,https://www.synapse.org/#!Synapse:syn20689582,fluorescence intensity,syn20689582,null,https://www.synapse.org/#!Synapse:syn20689582,Tim Willson,Complete,https://www.synapse.org/#!Synapse:syn20689582,https://repo.metadatacenter.org/template-instances/54fc266f-1861-4823-aeb5-f34f489feb80,true,NanoLuc®-MARK4
NanoBRET Assay Tracer Titration,BAO_0010069,Julie Pickett,Synapse,Complete,PDF,UNC-CH,Synapse,NEK9,fold change,https://www.synapse.org/#!Synapse:syn18435642,fluorescence intensity,syn18435642,null,https://www.synapse.org/#!Synapse:syn18435642,Tim Willson,Complete,https://www.synapse.org/#!Synapse:syn18435642,https://repo.metadatacenter.org/template-instances/0f561b4b-a141-4b30-bf22-3bacd578e829,true,NanoLuc®-NEK9
NanoBRET Assay Tracer Titration,BAO_0010069,Julie Pickett,Synapse,Complete,PDF,UNC-CH,Synapse,PKMYT1,fold change,https://www.synapse.org/#!Synapse:syn21519495,fluorescence intensity,syn21519495,null,https://www.synapse.org/#!Synapse:syn21519495,Tim Willson,Complete,https://www.synapse.org/#!Synapse:syn21519495,https://repo.metadatacenter.org/template-instances/361236b3-202b-4201-9b54-d064ebc5acab,true,PKMYT1-NanoLuc®
NanoBRET Assay Tracer Titration,BAO_0010069,Julie Pickett,Synapse,Complete,PDF,UNC-CH,Synapse,PHKG1,fold change,https://www.synapse.org/#!Synapse:syn20715295,fluorescence intensity,syn20715295,null,https://www.synapse.org/#!Synapse:syn20715295,Tim Willson,Complete,https://www.synapse.org/#!Synapse:syn20715295,https://repo.metadatacenter.org/template-instances/80a12786-33d4-4e71-a030-c01a200e22e1,true,NanoLuc®-PHKG1
NanoBRET Assay Tracer Titration,BAO_0010069,Julie Pickett,Synapse,Complete,PDF,UNC-CH,Synapse,RIOK2,fold change,https://www.synapse.org/#!Synapse:syn18435647,fluorescence intensity,syn18435647,null,https://www.synapse.org/#!Synapse:syn18435647,Tim Willson,Complete,https://www.synapse.org/#!Synapse:syn18435647,https://repo.metadatacenter.org/template-instances/17e88d5c-284d-4ced-8c17-cbf7f0bf8677,true,NanoLuc®-RIOK2
NanoBRET Assay Tracer Titration,BAO_0010069,Julie Pickett,Synapse,Complete,PDF,UNC-CH,Synapse,STK32B,fold change,https://www.synapse.org/#!Synapse:syn20715292,fluorescence intensity,syn20715292,null,https://www.synapse.org/#!Synapse:syn20715292,Tim Willson,Complete,https://www.synapse.org/#!Synapse:syn20715292,https://repo.metadatacenter.org/template-instances/8bbae3ad-238b-41b7-8c09-0539414f583a,true,NanoLuc®-STK32B
NanoBRET Assay Tracer Titration,BAO_0010069,Julie Pickett,Synapse,Complete,PDF,UNC-CH,Synapse,STK33,fold change,https://www.synapse.org/#!Synapse:syn18435638,fluorescence intensity,syn18435638,null,https://www.synapse.org/#!Synapse:syn18435638,Tim Willson,Complete,https://www.synapse.org/#!Synapse:syn18435638,https://repo.metadatacenter.org/template-instances/eeca5c95-ffd9-49ba-ab10-62adb0d26345,true,NanoLuc®-STK33
NanoBRET Assay Tracer Titration,BAO_0010069,Julie Pickett,Synapse,Complete,PDF,UNC-CH,Synapse,ICK,fold change,https://www.synapse.org/#!Synapse:syn20715313,fluorescence intensity,syn20715313,null,https://www.synapse.org/#!Synapse:syn20715313,Tim Willson,Complete,https://www.synapse.org/#!Synapse:syn20715313,https://repo.metadatacenter.org/template-instances/9b49beba-479a-4522-922c-a865dec64e22,true,NanoLuc®-fused ICK
NanoBRET Assay Tracer Titration,BAO_0010069,Julie Pickett,Synapse,Complete,PDF,UNC-CH,Synapse,CDK11A,fold change,https://www.synapse.org/#!Synapse:syn18435664,fluorescence intensity,syn18435664,null,https://www.synapse.org/#!Synapse:syn18435664,Tim Willson,Complete,https://www.synapse.org/#!Synapse:syn18435664,https://repo.metadatacenter.org/template-instances/38ef60b2-8edd-4ec0-bd3d-27fce8745107,true,NanoLuc®-fused CDK11a
NanoBRET Assay Tracer Titration,BAO_0010069,Julie Pickett,Synapse,Complete,PDF,UNC-CH,,CDK10,fold change,https://www.synapse.org/#!Synapse:syn18435660,fluorescence intensity,syn18435660,null,https://www.synapse.org/#!Synapse:syn18435660,Tim Willson,Complete,https://www.synapse.org/#!Synapse:syn18435660,https://repo.metadatacenter.org/template-instances/b113c5be-2dfa-466a-bcb5-ee273ec05774,true,NanoLuc®-fused CDK10
NanoBRET Assay Tracer Titration,BAO_0010069,Julie Pickett,Synapse,Complete,PDF,UNC-CH,,CDK11A,fold change,https://www.synapse.org/#!Synapse:syn18435664,fluorescence intensity,syn18435664,null,https://www.synapse.org/#!Synapse:syn18435664,Tim Willson,Complete,https://www.synapse.org/#!Synapse:syn18435664,https://repo.metadatacenter.org/template-instances/92c7145f-dc2d-42f6-a84d-deb590629d7e,true,NanoLuc®-fused CDK11A
NanoBRET Assay Tracer Titration,BAO_0010069,Julie Pickett,Synapse,Complete,PDF,UNC-CH,,CDK11B,fold change,https://www.synapse.org/#!Synapse:syn18435655,fluorescence intensity,syn18435655,null,https://www.synapse.org/#!Synapse:syn18435655,Tim Willson,Complete,https://www.synapse.org/#!Synapse:syn18435655,https://repo.metadatacenter.org/template-instances/b371e645-b6b0-44c4-8bf2-a0d780bcdcec,true,NanoLuc®-fused CDK11B
NanoBRET Assay Tracer Titration,BAO_0010069,Julie Pickett,Synapse,Complete,PDF,UNC-CH,,CDK12,fold change,https://www.synapse.org/#!Synapse:syn18435662,fluorescence intensity,syn18435662,null,https://www.synapse.org/#!Synapse:syn18435662,Tim Willson,Complete,https://www.synapse.org/#!Synapse:syn18435662,https://repo.metadatacenter.org/template-instances/e9282a6b-6a26-4a59-9baf-cfe1ee72b0cd,true,NanoLuc®-fused CDK12
NanoBRET Assay Tracer Titration,BAO_0010069,Julie Pickett,Synapse,Complete,PDF,UNC-CH,,CDK13,fold change,https://www.synapse.org/#!Synapse:syn18435661,fluorescence intensity,syn18435661,null,https://www.synapse.org/#!Synapse:syn18435661,Tim Willson,Complete,https://www.synapse.org/#!Synapse:syn18435661,https://repo.metadatacenter.org/template-instances/119b7d26-75d1-4281-b656-97adb55afb75,true,NanoLuc®-fused CDK13
NanoBRET Assay Tracer Titration,BAO_0010069,Julie Pickett,Synapse,Complete,PDF,UNC-CH,,CDK14,fold change,https://www.synapse.org/#!Synapse:syn18435663,fluorescence intensity,syn18435663,null,https://www.synapse.org/#!Synapse:syn18435663,Tim Willson,Complete,https://www.synapse.org/#!Synapse:syn18435663,https://repo.metadatacenter.org/template-instances/2094a94e-4390-47f3-ade7-6398bdb3d4c3,true,NanoLuc®-fused CDK14
NanoBRET Assay Tracer Titration,BAO_0010069,Julie Pickett,Synapse,Complete,PDF,UNC-CH,,CDK16,fold change,https://www.synapse.org/#!Synapse:syn18435667,fluorescence intensity,syn18435667,null,https://www.synapse.org/#!Synapse:syn18435667,Tim Willson,Complete,https://www.synapse.org/#!Synapse:syn18435667,https://repo.metadatacenter.org/template-instances/3d70450a-1a85-4b4e-85f4-acb6493b1df5,true,NanoLuc®-fused CDK16
NanoBRET Assay Tracer Titration,BAO_0010069,Julie Pickett,Synapse,Complete,PDF,UNC-CH,,CDK17,fold change,https://www.synapse.org/#!Synapse:syn18435666,fluorescence intensity,syn18435666,null,https://www.synapse.org/#!Synapse:syn18435666,Tim Willson,Complete,https://www.synapse.org/#!Synapse:syn18435666,https://repo.metadatacenter.org/template-instances/ef880f29-4fd1-4c77-b9b2-50186596ea0a,true,NanoLuc®-fused CDK17
NanoBRET Assay Tracer Titration,BAO_0010069,Julie Pickett,Synapse,Complete,PDF,UNC-CH,,CDK18,fold change,https://www.synapse.org/#!Synapse:syn18435665,fluorescence intensity,syn18435665,null,https://www.synapse.org/#!Synapse:syn18435665,Tim Willson,Complete,https://www.synapse.org/#!Synapse:syn18435665,https://repo.metadatacenter.org/template-instances/d348508b-3035-4522-bc80-9ca5c971329d,true,NanoLuc®-fused CDK18
NanoBRET Assay Tracer Titration,BAO_0010069,Julie Pickett,Synapse,Complete,PDF,UNC-CH,,CLK4,fold change,https://www.synapse.org/#!Synapse:syn18435654,fluorescence intensity,syn18435654,null,https://www.synapse.org/#!Synapse:syn18435654,Tim Willson,Complete,https://www.synapse.org/#!Synapse:syn18435654,https://repo.metadatacenter.org/template-instances/6f1eff32-ec3b-47ef-bd9b-73d50bf693b9,true,NanoLuc®-fused CLK4
NanoBRET Assay Tracer Titration,BAO_0010069,Julie Pickett,Synapse,Complete,PDF,UNC-CH,,CSNK2A2,fold change,https://www.synapse.org/#!Synapse:syn18435653,fluorescence intensity,syn18435653,null,https://www.synapse.org/#!Synapse:syn18435653,Tim Willson,Complete,https://www.synapse.org/#!Synapse:syn18435653,https://repo.metadatacenter.org/template-instances/567f1abc-a5f8-4414-874f-478cc1c73187,true,NanoLuc®-fused CSNK2A2
NanoBRET Assay Tracer Titration,BAO_0010069,Julie Pickett,Synapse,Complete,PDF,UNC-CH,,DYRK2,fold change,https://www.synapse.org/#!Synapse:syn18435651,fluorescence intensity,syn18435651,null,https://www.synapse.org/#!Synapse:syn18435651,Tim Willson,Complete,https://www.synapse.org/#!Synapse:syn18435651,https://repo.metadatacenter.org/template-instances/7a28e58b-2b22-47da-93f1-1d1b0766588e,true,NanoLuc®-fused DYRK2
NanoBRET Assay Tracer Titration,BAO_0010069,Julie Pickett,Synapse,Complete,PDF,UNC-CH,,LTK,fold change,https://www.synapse.org/#!Synapse:syn18435650,fluorescence intensity,syn18435650,null,https://www.synapse.org/#!Synapse:syn18435650,Tim Willson,Complete,https://www.synapse.org/#!Synapse:syn18435650,https://repo.metadatacenter.org/template-instances/d6519c5d-81fc-4457-ad32-6bd322cad5eb,true,NanoLuc®-fused LTK
NanoBRET Assay Tracer Titration,BAO_0010069,Julie Pickett,Synapse,Complete,PDF,UNC-CH,,BRSK2,fold change,https://www.synapse.org/#!Synapse:syn18435656,fluorescence intensity,syn18435656,null,https://www.synapse.org/#!Synapse:syn18435656,Tim Willson,Complete,https://www.synapse.org/#!Synapse:syn18435656,https://repo.metadatacenter.org/template-instances/48ead1e5-69f1-4260-935e-04aa57810fdc,true,NanoLuc®-fused BRSK2
NanoBRET Assay Tracer Titration,BAO_0010069,Julie Pickett,Synapse,Complete,PDF,UNC-CH,,CDK15,fold change,https://www.synapse.org/#!Synapse:syn18435659,fluorescence intensity,syn18435659,null,https://www.synapse.org/#!Synapse:syn18435659,Tim Willson,Complete,https://www.synapse.org/#!Synapse:syn18435659,https://repo.metadatacenter.org/template-instances/ab274f56-2a61-4516-8d00-decbfe476bbe,true,NanoLuc®-fused CDK15
NanoBRET Assay Tracer Titration,BAO_0010069,Julie Pickett,Synapse,Complete,PDF,UNC-CH,,CDK20,fold change,https://www.synapse.org/#!Synapse:syn18435640,fluorescence intensity,syn18435640,null,https://www.synapse.org/#!Synapse:syn18435640,Tim Willson,Complete,https://www.synapse.org/#!Synapse:syn18435640,https://repo.metadatacenter.org/template-instances/e75cc19e-2f1c-4481-87bd-5056224b9933,true,NanoLuc®-fused CDK20
NanoBRET Assay Tracer Titration,BAO_0010069,Julie Pickett,Synapse,Complete,PDF,UNC-CH,,CDKL1,fold change,https://www.synapse.org/#!Synapse:syn18435658,fluorescence intensity,syn18435658,null,https://www.synapse.org/#!Synapse:syn18435658,Tim Willson,Complete,https://www.synapse.org/#!Synapse:syn18435658,https://repo.metadatacenter.org/template-instances/4dfe2311-35f3-4af1-b0d0-e80353a66798,true,NanoLuc®-fused CDKL1
NanoBRET Assay Tracer Titration,BAO_0010069,Julie Pickett,Synapse,Complete,PDF,UNC-CH,,CDKL2,fold change,https://www.synapse.org/#!Synapse:syn18435657,fluorescence intensity,syn18435657,null,https://www.synapse.org/#!Synapse:syn18435657,Tim Willson,Complete,https://www.synapse.org/#!Synapse:syn18435657,https://repo.metadatacenter.org/template-instances/f9266b20-7398-423b-bf6b-1d6c637712b5,true,NanoLuc®-fused CDKL2
NanoBRET Assay Tracer Titration,BAO_0010069,Julie Pickett,Synapse,Complete,PDF,UNC-CH,,CDKL3,fold change,https://www.synapse.org/#!Synapse:syn18435646,fluorescence intensity,syn18435646,null,https://www.synapse.org/#!Synapse:syn18435646,Tim Willson,Complete,https://www.synapse.org/#!Synapse:syn18435646,https://repo.metadatacenter.org/template-instances/58e69eef-791c-4755-95c9-d66ebdd095cc,true,NanoLuc®-fused CDKL3
NanoBRET Assay Tracer Titration,BAO_0010069,Julie Pickett,Synapse,Complete,PDF,UNC-CH,,CDKL5,fold change,https://www.synapse.org/#!Synapse:syn18435645,fluorescence intensity,syn18435645,null,https://www.synapse.org/#!Synapse:syn18435645,Tim Willson,Complete,https://www.synapse.org/#!Synapse:syn18435645,https://repo.metadatacenter.org/template-instances/8df5d606-f609-40f8-92bf-c9da08142490,true,NanoLuc®-fused CDKL5
NanoBRET Assay Tracer Titration,BAO_0010069,Julie Pickett,Synapse,Complete,PDF,UNC-CH,,CSNK1G2,fold change,https://www.synapse.org/#!Synapse:syn18435639,fluorescence intensity,syn18435639,null,https://www.synapse.org/#!Synapse:syn18435639,Tim Willson,Complete,https://www.synapse.org/#!Synapse:syn18435639,https://repo.metadatacenter.org/template-instances/2ba39207-10a8-4c75-8d3d-a7ee5b885758,true,NanoLuc®-fused CSNK1G2
NanoBRET Assay Tracer Titration,BAO_0010069,Julie Pickett,Synapse,Complete,PDF,UNC-CH,,DYRK1B,fold change,https://www.synapse.org/#!Synapse:syn18435652,fluorescence intensity,syn18435652,null,https://www.synapse.org/#!Synapse:syn18435652,Tim Willson,Complete,https://www.synapse.org/#!Synapse:syn18435652,https://repo.metadatacenter.org/template-instances/69c798af-53a3-402a-89f4-1429c0ccd579,true,NanoLuc®-fused DYRK1B
NanoBRET Assay Tracer Titration,BAO_0010069,Julie Pickett,Synapse,Complete,PDF,UNC-CH,,MKNK2,fold change,https://www.synapse.org/#!Synapse:syn18435649,fluorescence intensity,syn18435649,null,https://www.synapse.org/#!Synapse:syn18435649,Tim Willson,Complete,https://www.synapse.org/#!Synapse:syn18435649,https://repo.metadatacenter.org/template-instances/e036a485-f584-43d9-abc9-bfc1831dccd7,true,NanoLuc®-fused MKNK2
NanoBRET Assay Tracer Titration,BAO_0010069,Julie Pickett,Synapse,Complete,PDF,UNC-CH,,NEK3,fold change,https://www.synapse.org/#!Synapse:syn18435643,fluorescence intensity,syn18435643,null,https://www.synapse.org/#!Synapse:syn18435643,Tim Willson,Complete,https://www.synapse.org/#!Synapse:syn18435643,https://repo.metadatacenter.org/template-instances/2d36cd60-9a95-450b-aafd-7f4fd1fcba71,true,NanoLuc®-fused NEK3
NanoBRET Assay Tracer Titration,BAO_0010069,Julie Pickett,Synapse,Complete,PDF,UNC-CH,,NEK9,fold change,https://www.synapse.org/#!Synapse:syn18435642,fluorescence intensity,syn18435642,null,https://www.synapse.org/#!Synapse:syn18435642,Tim Willson,Complete,https://www.synapse.org/#!Synapse:syn18435642,https://repo.metadatacenter.org/template-instances/48947fd3-ad67-4496-8819-c983b04bf1d5,true,NanoLuc®-fused NEK9
NanoBRET Assay Tracer Titration,BAO_0010069,Julie Pickett,Synapse,Complete,PDF,UNC-CH,,RIOK2,fold change,https://www.synapse.org/#!Synapse:syn18435647,fluorescence intensity,syn18435647,null,https://www.synapse.org/#!Synapse:syn18435647,Tim Willson,Complete,https://www.synapse.org/#!Synapse:syn18435647,https://repo.metadatacenter.org/template-instances/cca3e1c5-0dd0-4466-a373-aa9581b4e45f,true,NanoLuc®-fused RIOK2
NanoBRET Assay Tracer Titration,BAO_0010069,Julie Pickett,Synapse,Complete,PDF,UNC-CH,,STK33,fold change,https://www.synapse.org/#!Synapse:syn18435638,fluorescence intensity,syn18435638,null,https://www.synapse.org/#!Synapse:syn18435638,Tim Willson,Complete,https://www.synapse.org/#!Synapse:syn18435638,https://repo.metadatacenter.org/template-instances/82b04a2d-2a87-4981-92ef-4ce13cda0b73,true,NanoLuc®-fused STK33
NanoBRET Assay Tracer Titration,BAO_0010069,Julie Pickett,Synapse,Complete,PDF,UNC-CH,,PAK5,fold change,https://www.synapse.org/#!Synapse:syn18435641,fluorescence intensity,syn18435641,null,https://www.synapse.org/#!Synapse:syn18435641,Tim Willson,Complete,https://www.synapse.org/#!Synapse:syn18435641,https://repo.metadatacenter.org/template-instances/c13a1f2c-929a-4732-97ed-02557e3af919,true,NanoLuc®-fused PAK5
NanoBRET Assay Tracer Titration,BAO_0010069,Julie Pickett,Synapse,Complete,PDF,UNC-CH,,PKN3,fold change,https://www.synapse.org/#!Synapse:syn18435648,fluorescence intensity,syn18435648,null,https://www.synapse.org/#!Synapse:syn18435648,Tim Willson,Complete,https://www.synapse.org/#!Synapse:syn18435648,https://repo.metadatacenter.org/template-instances/20d70380-4dd9-410a-9cf1-16dded521bf5,true,NanoLuc®-fused PKN3
NanoBRET Assay Tracer Titration,BAO_0010069,Julie Pickett,Synapse,Complete,PDF,UNC-CH,,STK17B,fold change,https://www.synapse.org/#!Synapse:syn18435644,fluorescence intensity,syn18435644,null,https://www.synapse.org/#!Synapse:syn18435644,Tim Willson,Complete,https://www.synapse.org/#!Synapse:syn18435644,https://repo.metadatacenter.org/template-instances/987abacc-f090-423f-bbe4-a2f47bc060b4,true,NanoLuc®-fused STK17B
NanoBRET Assay Tracer Titration,BAO_0010069,Julie Pickett,Synapse,Complete,PDF,UNC-CH,,CDK19,fold change,https://www.synapse.org/#!Synapse:syn20689588,fluorescence intensity,syn20689588,null,https://www.synapse.org/#!Synapse:syn20689588,Tim Willson,Complete,https://www.synapse.org/#!Synapse:syn20689588,https://repo.metadatacenter.org/template-instances/1f283cd5-6738-4ab7-a2c5-d0901d442337,true,NanoLuc®-fused CDK19
NanoBRET Assay Tracer Titration,BAO_0010069,Julie Pickett,Synapse,Complete,PDF,UNC-CH,,DCLK3,fold change,https://www.synapse.org/#!Synapse:syn20689587,fluorescence intensity,syn20689587,null,https://www.synapse.org/#!Synapse:syn20689587,Tim Willson,Complete,https://www.synapse.org/#!Synapse:syn20689587,https://repo.metadatacenter.org/template-instances/6466e225-627f-4c8c-b9ff-93d58b33b061,true,NanoLuc®-fused DCLK3
NanoBRET Assay Tracer Titration,BAO_0010069,Julie Pickett,Synapse,Complete,PDF,UNC-CH,,HIPK1,fold change,https://www.synapse.org/#!Synapse:syn20689586,fluorescence intensity,syn20689586,null,https://www.synapse.org/#!Synapse:syn20689586,Tim Willson,Complete,https://www.synapse.org/#!Synapse:syn20689586,https://repo.metadatacenter.org/template-instances/995def1b-861f-4cb2-a82b-2f38fa198346,true,NanoLuc®-fused HIPK1
NanoBRET Assay Tracer Titration,BAO_0010069,Julie Pickett,Synapse,Complete,PDF,UNC-CH,,HIPK3,fold change,https://www.synapse.org/#!Synapse:syn20689585,fluorescence intensity,syn20689585,null,https://www.synapse.org/#!Synapse:syn20689585,Tim Willson,Complete,https://www.synapse.org/#!Synapse:syn20689585,https://repo.metadatacenter.org/template-instances/d084dc09-f360-4ce8-96bb-191bb0bd7f9b,true,NanoLuc®-fused HIPK3
NanoBRET Assay Tracer Titration,BAO_0010069,Julie Pickett,Synapse,Complete,PDF,UNC-CH,,HIPK4,fold change,https://www.synapse.org/#!Synapse:syn20689584,fluorescence intensity,syn20689584,null,https://www.synapse.org/#!Synapse:syn20689584,Tim Willson,Complete,https://www.synapse.org/#!Synapse:syn20689584,https://repo.metadatacenter.org/template-instances/131edb3b-7554-40eb-a307-53ecde4e899d,true,NanoLuc®-fused HIPK4
NanoBRET Assay Tracer Titration,BAO_0010069,Julie Pickett,Synapse,Complete,PDF,UNC-CH,,MAPK4,fold change,https://www.synapse.org/#!Synapse:syn20689583,fluorescence intensity,syn20689583,null,https://www.synapse.org/#!Synapse:syn20689583,Tim Willson,Complete,https://www.synapse.org/#!Synapse:syn20689583,https://repo.metadatacenter.org/template-instances/0018f56d-96ee-4812-8372-3e2080ef0da7,true,NanoLuc®-fused MAPK4
NanoBRET Assay Tracer Titration,BAO_0010069,Julie Pickett,Synapse,Complete,PDF,UNC-CH,,MARK4,fold change,https://www.synapse.org/#!Synapse:syn20689582,fluorescence intensity,syn20689582,null,https://www.synapse.org/#!Synapse:syn20689582,Tim Willson,Complete,https://www.synapse.org/#!Synapse:syn20689582,https://repo.metadatacenter.org/template-instances/b17fd11b-3dec-496f-b3d4-ba7d0831602b,true,NanoLuc®-fused MARK4
NanoBRET Assay Tracer Titration,BAO_0010069,Julie Pickett,Synapse,Complete,PDF,UNC-CH,,NEK4,fold change,https://www.synapse.org/#!Synapse:syn20689580,fluorescence intensity,syn20689580,null,https://www.synapse.org/#!Synapse:syn20689580,Tim Willson,Complete,https://www.synapse.org/#!Synapse:syn20689580,https://repo.metadatacenter.org/template-instances/f89106c7-c616-4572-ae8c-0c85c5c348d1,true,NanoLuc®-fused NEK4
NanoBRET Assay Tracer Titration,BAO_0010069,Julie Pickett,Synapse,Complete,PDF,UNC-CH,,NEK11,fold change,https://www.synapse.org/#!Synapse:syn20689581,fluorescence intensity,syn20689581,null,https://www.synapse.org/#!Synapse:syn20689581,Tim Willson,Complete,https://www.synapse.org/#!Synapse:syn20689581,https://repo.metadatacenter.org/template-instances/8921212e-ef40-4283-9314-ac9ad10aff8a,true,NanoLuc®-fused NEK11
NanoBRET Assay Tracer Titration,BAO_0010069,Julie Pickett,Synapse,Complete,PDF,UNC-CH,,CAMK1D,fold change,https://www.synapse.org/#!Synapse:syn20715311,fluorescence intensity,syn20715311,null,https://www.synapse.org/#!Synapse:syn20715311,Tim Willson,Complete,https://www.synapse.org/#!Synapse:syn20715311,https://repo.metadatacenter.org/template-instances/54bc3586-6eb3-4b06-9479-e5dcddc2c522,true,NanoLuc®-fused CAMK1D
NanoBRET Assay Tracer Titration,BAO_0010069,Julie Pickett,Synapse,Complete,PDF,UNC-CH,,CILK1,fold change,https://www.synapse.org/#!Synapse:syn20715313,fluorescence intensity,syn20715313,null,https://www.synapse.org/#!Synapse:syn20715313,Tim Willson,Complete,https://www.synapse.org/#!Synapse:syn20715313,https://repo.metadatacenter.org/template-instances/79736ee9-bac6-45a8-baf8-09adc5827f34,true,NanoLuc®-fused ICK
NanoBRET Assay Tracer Titration,BAO_0010069,Julie Pickett,Synapse,Complete,PDF,UNC-CH,,MAP3K10,fold change,https://www.synapse.org/#!Synapse:syn20715315,fluorescence intensity,syn20715315,null,https://www.synapse.org/#!Synapse:syn20715315,Tim Willson,Complete,https://www.synapse.org/#!Synapse:syn20715315,https://repo.metadatacenter.org/template-instances/5fd4c283-b44a-4056-88dd-4e86a632486b,true,NanoLuc®-fused MAP3K10
NanoBRET Assay Tracer Titration,BAO_0010069,Julie Pickett,Synapse,Complete,PDF,UNC-CH,,MARK3,fold change,https://www.synapse.org/#!Synapse:syn20715316,fluorescence intensity,syn20715316,null,https://www.synapse.org/#!Synapse:syn20715316,Tim Willson,Complete,https://www.synapse.org/#!Synapse:syn20715316,https://repo.metadatacenter.org/template-instances/92a352c4-e22d-447f-b6f1-4030a58faf4b,true,NanoLuc®-fused MARK3
NanoBRET Assay Tracer Titration,BAO_0010069,Julie Pickett,Synapse,Complete,PDF,UNC-CH,,NEK5,fold change,https://www.synapse.org/#!Synapse:syn20715309,fluorescence intensity,syn20715309,null,https://www.synapse.org/#!Synapse:syn20715309,Tim Willson,Complete,https://www.synapse.org/#!Synapse:syn20715309,https://repo.metadatacenter.org/template-instances/7c48f7c7-6c61-4ef1-b311-4ef39206386f,true,NanoLuc®-fused NEK5
NanoBRET Assay Tracer Titration,BAO_0010069,Julie Pickett,Synapse,Complete,PDF,UNC-CH,,PHKG1,fold change,https://www.synapse.org/#!Synapse:syn20715295,fluorescence intensity,syn20715295,null,https://www.synapse.org/#!Synapse:syn20715295,Tim Willson,Complete,https://www.synapse.org/#!Synapse:syn20715295,https://repo.metadatacenter.org/template-instances/d4661c2c-5689-4656-96e5-3915b2d73e4e,true,NanoLuc®-fused PHKG1
NanoBRET Assay Tracer Titration,BAO_0010069,Julie Pickett,Synapse,Complete,PDF,UNC-CH,,STK3,fold change,https://www.synapse.org/#!Synapse:syn20715294,fluorescence intensity,syn20715294,null,https://www.synapse.org/#!Synapse:syn20715294,Tim Willson,Complete,https://www.synapse.org/#!Synapse:syn20715294,https://repo.metadatacenter.org/template-instances/8cc99b06-89c2-46a8-9695-5c3e5b829e60,true,NanoLuc®-fused STK3
NanoBRET Assay Tracer Titration,BAO_0010069,Julie Pickett,Synapse,Complete,PDF,UNC-CH,,STK32A,fold change,https://www.synapse.org/#!Synapse:syn20715293,fluorescence intensity,syn20715293,null,https://www.synapse.org/#!Synapse:syn20715293,Tim Willson,Complete,https://www.synapse.org/#!Synapse:syn20715293,https://repo.metadatacenter.org/template-instances/115aae6d-d81a-42de-8cc3-9b66b6c88642,true,NanoLuc®-fused STK32A
NanoBRET Assay Tracer Titration,BAO_0010069,Julie Pickett,Synapse,Complete,PDF,UNC-CH,,STK32B,fold change,https://www.synapse.org/#!Synapse:syn20715292,fluorescence intensity,syn20715292,null,https://www.synapse.org/#!Synapse:syn20715292,Tim Willson,Complete,https://www.synapse.org/#!Synapse:syn20715292,https://repo.metadatacenter.org/template-instances/1c5137d8-161b-419c-b7dc-31e662e85329,true,NanoLuc®-fused STK32B
NanoBRET Assay Tracer Titration,BAO_0010069,Julie Pickett,Synapse,Complete,PDF,UNC-CH,,STK38L,fold change,https://www.synapse.org/#!Synapse:syn20715291,fluorescence intensity,syn20715291,null,https://www.synapse.org/#!Synapse:syn20715291,Tim Willson,Complete,https://www.synapse.org/#!Synapse:syn20715291,https://repo.metadatacenter.org/template-instances/cf872251-67ac-487b-ad7d-0f7521b4808a,true,NanoLuc®-fused STK38L
NanoBRET Assay Tracer Titration,BAO_0010069,Julie Pickett,Synapse,Complete,PDF,UNC-CH,,DYRK3,fold change,https://www.synapse.org/#!Synapse:syn21519482,fluorescence intensity,syn21519482,null,https://www.synapse.org/#!Synapse:syn21519482,Tim Willson,Complete,https://www.synapse.org/#!Synapse:syn21519482,https://repo.metadatacenter.org/template-instances/66de9464-7887-44cc-9716-1276b2b6ccbe,true,NanoLuc®-fused DYRK3
NanoBRET Assay Tracer Titration,BAO_0010069,Julie Pickett,Synapse,Complete,PDF,UNC-CH,,ERN2,fold change,https://www.synapse.org/#!Synapse:syn21519483,fluorescence intensity,syn21519483,null,https://www.synapse.org/#!Synapse:syn21519483,Tim Willson,Complete,https://www.synapse.org/#!Synapse:syn21519483,https://repo.metadatacenter.org/template-instances/9175df4f-a5af-49cf-b2aa-68b3170aba97,true,NanoLuc®-fused ERN2
NanoBRET Assay Tracer Titration,BAO_0010069,Julie Pickett,Synapse,Complete,PDF,UNC-CH,,MAP3K21,fold change,https://www.synapse.org/#!Synapse:syn21519484,fluorescence intensity,syn21519484,null,https://www.synapse.org/#!Synapse:syn21519484,Tim Willson,Complete,https://www.synapse.org/#!Synapse:syn21519484,https://repo.metadatacenter.org/template-instances/a7163171-47ea-448d-b833-5dceb0479e89,true,NanoLuc®-fused MAP3K21
NanoBRET Assay Tracer Titration,BAO_0010069,Julie Pickett,Synapse,Complete,PDF,UNC-CH,,COQ8B,fold change,https://www.synapse.org/#!Synapse:syn21519486,fluorescence intensity,syn21519486,null,https://www.synapse.org/#!Synapse:syn21519486,Tim Willson,Complete,https://www.synapse.org/#!Synapse:syn21519486,https://repo.metadatacenter.org/template-instances/725a73a1-85a6-46b8-8bad-209a04183a65,true,NanoLuc®-fused COQ8B
NanoBRET Assay Tracer Titration,BAO_0010069,Julie Pickett,Synapse,Complete,PDF,UNC-CH,,CSNK1A1L,fold change,https://www.synapse.org/#!Synapse:syn21519487,fluorescence intensity,syn21519487,null,https://www.synapse.org/#!Synapse:syn21519487,Tim Willson,Complete,https://www.synapse.org/#!Synapse:syn21519487,https://repo.metadatacenter.org/template-instances/039ee8bb-84d6-4dda-8d25-56e8504186df,true,NanoLuc®-fused CSNK1A1L
NanoBRET Assay Tracer Titration,BAO_0010069,Julie Pickett,Synapse,Complete,PDF,UNC-CH,,DSTYK,fold change,https://www.synapse.org/#!Synapse:syn21519488,fluorescence intensity,syn21519488,null,https://www.synapse.org/#!Synapse:syn21519488,Tim Willson,Complete,https://www.synapse.org/#!Synapse:syn21519488,https://repo.metadatacenter.org/template-instances/7f457bdd-5c8e-4f89-aaaa-08715f3f99d0,true,NanoLuc®-fused DSTYK
NanoBRET Assay Tracer Titration,BAO_0010069,Julie Pickett,Synapse,Complete,PDF,UNC-CH,,MAST3,fold change,https://www.synapse.org/#!Synapse:syn21519489,fluorescence intensity,syn21519489,null,https://www.synapse.org/#!Synapse:syn21519489,Tim Willson,Complete,https://www.synapse.org/#!Synapse:syn21519489,https://repo.metadatacenter.org/template-instances/5716452e-d1ef-40b0-8c33-c1861cc95977,true,NanoLuc®-fused MAST3
NanoBRET Assay Tracer Titration,BAO_0010069,Julie Pickett,Synapse,Complete,PDF,UNC-CH,,MAST4,fold change,https://www.synapse.org/#!Synapse:syn21519490,fluorescence intensity,syn21519490,null,https://www.synapse.org/#!Synapse:syn21519490,Tim Willson,Complete,https://www.synapse.org/#!Synapse:syn21519490,https://repo.metadatacenter.org/template-instances/3a0842dc-991c-4c56-a988-7fee54af3dd9,true,NanoLuc®-fused MAST4
NanoBRET Assay Tracer Titration,BAO_0010069,Julie Pickett,Synapse,Complete,PDF,UNC-CH,,PHKG2,fold change,https://www.synapse.org/#!Synapse:syn21519491,fluorescence intensity,syn21519491,null,https://www.synapse.org/#!Synapse:syn21519491,Tim Willson,Complete,https://www.synapse.org/#!Synapse:syn21519491,https://repo.metadatacenter.org/template-instances/20526dfa-83a0-49c9-a725-41f6687a5941,true,NanoLuc®-fused PHKG2
NanoBRET Assay Tracer Titration,BAO_0010069,Julie Pickett,Synapse,Complete,PDF,UNC-CH,,SBK3,fold change,https://www.synapse.org/#!Synapse:syn21519492,fluorescence intensity,syn21519492,null,https://www.synapse.org/#!Synapse:syn21519492,Tim Willson,Complete,https://www.synapse.org/#!Synapse:syn21519492,https://repo.metadatacenter.org/template-instances/d424e799-d68b-4e2c-a1f8-0fbed0e3a8d6,true,NanoLuc®-fused SBK3
NanoBRET Assay Tracer Titration,BAO_0010069,Julie Pickett,Synapse,Complete,PDF,UNC-CH,,WEE2,fold change,https://www.synapse.org/#!Synapse:syn21519493,fluorescence intensity,syn21519493,null,https://www.synapse.org/#!Synapse:syn21519493,Tim Willson,Complete,https://www.synapse.org/#!Synapse:syn21519493,https://repo.metadatacenter.org/template-instances/cfb91066-f45e-4a3b-8708-3f9a6b19da7f,true,NanoLuc®-fused WEE2
NanoBRET Assay Tracer Titration,BAO_0010069,Julie Pickett,Synapse,Complete,PDF,UNC-CH,,NUAK2,fold change,https://www.synapse.org/#!Synapse:syn21519494,fluorescence intensity,syn21519494,null,https://www.synapse.org/#!Synapse:syn21519494,Tim Willson,Complete,https://www.synapse.org/#!Synapse:syn21519494,https://repo.metadatacenter.org/template-instances/3a305d8d-324a-40ba-8389-531df5b01f22,true,NanoLuc®-fused NUAK2
NanoBRET Assay Tracer Titration,BAO_0010069,Julie Pickett,Synapse,Complete,PDF,UNC-CH,,PKMYT1,fold change,https://www.synapse.org/#!Synapse:syn21519495,fluorescence intensity,syn21519495,null,https://www.synapse.org/#!Synapse:syn21519495,Tim Willson,Complete,https://www.synapse.org/#!Synapse:syn21519495,https://repo.metadatacenter.org/template-instances/3072f678-bf20-42ac-8a45-798eab6a1c4f,true,NanoLuc®-fused PKMYT1
NanoBRET Assay Tracer Titration,BAO_0010069,Julie Pickett,Synapse,Complete,PDF,UNC-CH,,PRKACB,fold change,https://www.synapse.org/#!Synapse:syn21519496,fluorescence intensity,syn21519496,null,https://www.synapse.org/#!Synapse:syn21519496,Tim Willson,Complete,https://www.synapse.org/#!Synapse:syn21519496,https://repo.metadatacenter.org/template-instances/df85ef83-edd1-4169-aa9e-162356221879,true,NanoLuc®-fused PRKACB
NanoBRET Assay Tracer Titration,BAO_0010069,Julie Pickett,Synapse,Complete,PDF,UNC-CH,,STK17A,fold change,https://www.synapse.org/#!Synapse:syn21519497,fluorescence intensity,syn21519497,null,https://www.synapse.org/#!Synapse:syn21519497,Tim Willson,Complete,https://www.synapse.org/#!Synapse:syn21519497,https://repo.metadatacenter.org/template-instances/ece16e4f-b12f-47ff-a57e-53eda817ab1d,true,NanoLuc®-fused STK17A
NanoBRET Assay Tracer Titration,BAO_0010069,Julie Pickett,Synapse,Complete,PDF,UNC-CH,,TLK1,fold change,https://www.synapse.org/#!Synapse:syn21519498,fluorescence intensity,syn21519498,null,https://www.synapse.org/#!Synapse:syn21519498,Tim Willson,Complete,https://www.synapse.org/#!Synapse:syn21519498,https://repo.metadatacenter.org/template-instances/4aa30ac2-6be6-447c-83e1-bd2c28580e9c,true,NanoLuc®-fused TLK1
NanoBRET Assay Tracer Titration,BAO_0010069,Julie Pickett,Synapse,Complete,PDF,UNC-CH,,TLK2,fold change,https://www.synapse.org/#!Synapse:syn21519499,fluorescence intensity,syn21519499,null,https://www.synapse.org/#!Synapse:syn21519499,Tim Willson,Complete,https://www.synapse.org/#!Synapse:syn21519499,https://repo.metadatacenter.org/template-instances/103d1400-b824-4b01-9799-373bab7a64d6,true,NanoLuc®-fused TLK2
NanoBRET Assay Tracer Titration,BAO_0010069,Julie Pickett,Synapse,Complete,PDF,UNC-CH,,PIP4K2C,fold change,https://www.synapse.org/#!Synapse:syn22752283,fluorescence intensity,syn22752283,null,https://www.synapse.org/#!Synapse:syn22752283,Tim Willson,Complete,https://www.synapse.org/#!Synapse:syn22752283,https://repo.metadatacenter.org/template-instances/d68bb5c4-f3b5-4120-86b1-f522d2b0e5b8,true,NanoLuc®-fused PIP4K2C
NanoBRET Assay Tracer Titration,BAO_0010069,Julie Pickett,Synapse,Complete,PDF,UNC-CH,,TSSK1B,fold change,https://www.synapse.org/#!Synapse:syn22752285,fluorescence intensity,syn22752285,null,https://www.synapse.org/#!Synapse:syn22752285,Tim Willson,Complete,https://www.synapse.org/#!Synapse:syn22752285,https://repo.metadatacenter.org/template-instances/aeca486e-dda3-411c-aeb6-e593ca42893d,true,NanoLuc®-fused TSSK1B
NanoBRET Assay Tracer Titration,BAO_0010069,Julie Pickett,Synapse,Complete,PDF,UNC-CH,,CAMK1G,fold change,https://www.synapse.org/#!Synapse:syn22752287,fluorescence intensity,syn22752287,null,https://www.synapse.org/#!Synapse:syn22752287,Tim Willson,Complete,https://www.synapse.org/#!Synapse:syn22752287,https://repo.metadatacenter.org/template-instances/583cde79-6dcf-4cb4-916e-d4094fcd3cdc,true,NanoLuc®-fused CAMK1G
NanoBRET Assay Tracer Titration,BAO_0010069,Julie Pickett,Synapse,Complete,PDF,UNC-CH,,BRSK1,fold change,https://www.synapse.org/#!Synapse:syn22752288,fluorescence intensity,syn22752288,null,https://www.synapse.org/#!Synapse:syn22752288,Tim Willson,Complete,https://www.synapse.org/#!Synapse:syn22752288,https://repo.metadatacenter.org/template-instances/403a6ad8-196a-4845-98f5-4d5c35386682,true,NanoLuc®-fused BRSK1
NanoBRET Assay Tracer Titration,BAO_0010069,Julie Pickett,Synapse,Complete,PDF,UNC-CH,,NIM1K,fold change,https://www.synapse.org/#!Synapse:syn26720953,fluorescence intensity,syn26720953,null,https://www.synapse.org/#!Synapse:syn26720953,Tim Willson,Complete,https://www.synapse.org/#!Synapse:syn26720953,https://repo.metadatacenter.org/template-instances/21c3ad27-d96c-4f4c-b4c7-7b4e4ef63743,true,NanoLuc®-fused NIM1K
NanoBRET Assay Tracer Titration,BAO_0010069,Julie Pickett,Synapse,Complete,PDF,UNC-CH,,CSNK1G1,fold change,https://www.synapse.org/#!Synapse:syn26844296,fluorescence intensity,syn26844296,null,https://www.synapse.org/#!Synapse:syn26844296,Tim Willson,Complete,https://www.synapse.org/#!Synapse:syn26844296,https://repo.metadatacenter.org/template-instances/e4412a05-92f5-4b01-b124-5775710de812,true,NanoLuc®-fused CSNK1G1
NanoBRET Assay Tracer Titration,BAO_0010069,Julie Pickett,Synapse,Complete,PDF,UNC-CH,,CSNK1G3,fold change,https://www.synapse.org/#!Synapse:syn26844295,fluorescence intensity,syn26844295,null,https://www.synapse.org/#!Synapse:syn26844295,Tim Willson,Complete,https://www.synapse.org/#!Synapse:syn26844295,https://repo.metadatacenter.org/template-instances/ae25d0c1-6a60-442c-94f0-736abe8a5106,true,NanoLuc®-fused CSNK1G3
NanoBRET Assay Tracer Titration,BAO_0010069,Julie Pickett,Synapse,Complete,PDF,UNC-CH,,NEK6,fold change,https://www.synapse.org/#!Synapse:syn26844487,fluorescence intensity,syn26844487,null,https://www.synapse.org/#!Synapse:syn26844487,Tim Willson,Complete,https://www.synapse.org/#!Synapse:syn26844487,https://repo.metadatacenter.org/template-instances/c30bd1ba-9741-44f7-90f6-98f3e11c76a7,true,NanoLuc®-fused NEK6
NanoBRET Assay Tracer Titration,BAO_0010069,Julie Pickett,Synapse,Complete,PDF,UNC-CH,,PAK6,fold change,https://www.synapse.org/#!Synapse:syn26844488,fluorescence intensity,syn26844488,null,https://www.synapse.org/#!Synapse:syn26844488,Tim Willson,Complete,https://www.synapse.org/#!Synapse:syn26844488,https://repo.metadatacenter.org/template-instances/c4d7dbae-2788-4dac-b0c5-467c3c724cd5,true,NanoLuc®-fused PAK6
NanoBRET Assay Tracer Titration,BAO_0010069,Julie Pickett,Synapse,Complete,PDF,UNC-CH,,TESK1,fold change,https://www.synapse.org/#!Synapse:syn26844489,fluorescence intensity,syn26844489,null,https://www.synapse.org/#!Synapse:syn26844489,Tim Willson,Complete,https://www.synapse.org/#!Synapse:syn26844489,https://repo.metadatacenter.org/template-instances/7d7d7494-9d2e-4fd6-a173-d4bc0074eb7e,true,NanoLuc®-fused TESK1
NanoBRET Assay Tracer Titration,BAO_0010069,Julie Pickett,Synapse,Complete,PDF,UNC-CH,,TTBK2,fold change,https://www.synapse.org/#!Synapse:syn30821125,fluorescence intensity,syn30821125,null,https://www.synapse.org/#!Synapse:syn30821125,Tim Willson,Complete,https://www.synapse.org/#!Synapse:syn30821125,https://repo.metadatacenter.org/template-instances/3f078d8f-b70b-4022-b8a0-a335d1bc730d,true,NanoLuc®-fused TTBK2
NanoBRET Assay Tracer Titration,BAO_0010069,Julie Pickett,Synapse,Complete,PDF,UNC-CH,,TTBK1,fold change,https://www.synapse.org/#!Synapse:syn30821124,fluorescence intensity,syn30821124,null,https://www.synapse.org/#!Synapse:syn30821124,Tim Willson,Complete,https://www.synapse.org/#!Synapse:syn30821124,https://repo.metadatacenter.org/template-instances/ea72e2b7-acb3-4150-8f9e-ad1764d6792f,true,NanoLuc®-fused TTBK1
